,ID,DATE,TO USER ACCOUNT,FROM USER ACCOUNT,REASON,SCORE 1,SCORE 2,SCORE 3,SCORE 4,DISMISSED 1,DISMISSED 2,DISMISSED 3,DISMISSED 4,QUANTIFIER 1 USERNAME,QUANTIFIER 2 USERNAME,QUANTIFIER 3 USERNAME,QUANTIFIER 4 USERNAME,AVG SCORE,SPREAD,DISMISSAL AGREED
5,621f79e443b89009366ca7bf,2021-12-27T23:00:00.000Z,Lin#3884,iviangita#3204,for mentioning or retweeting TE Commons on the socials the past week! Thank you for helping us grow the Token Engineering Commons community and spreading the message! ğŸ™ğŸ¼,1,0,1,0,False,True,False,False,Zeptimus#3359,bends#3537,Usuaâ— Silver#2618,"griff (ğŸ’œ, ğŸ’œ)#8888",0,1,False
6,621f79e443b89009366ca7c0,2021-12-27T23:00:00.000Z,WhyldWanderer#7002,iviangita#3204,for mentioning or retweeting TE Commons on the socials the past week! Thank you for helping us grow the Token Engineering Commons community and spreading the message! ğŸ™ğŸ¼,3,0,5,0,False,True,False,False,Mount Manu#3530,bends#3537,tigeroid#2951,innov8tor3#3988,2,5,False
9,621f79e443b89009366ca7c3,2021-12-27T23:00:00.000Z,thiago.rossi#1714,iviangita#3204,for mentioning or retweeting TE Commons on the socials the past week! Thank you for helping us grow the Token Engineering Commons community and spreading the message! ğŸ™ğŸ¼,1,0,1,0,False,True,False,False,Maxwe11#7157,bends#3537,Usuaâ— Silver#2618,"griff (ğŸ’œ, ğŸ’œ)#8888",0,1,False
10,621f79e443b89009366ca7c4,2021-12-27T23:00:00.000Z,Juankbell#7458,iviangita#3204,for engaging in discussion on the TE Commons Forum (https://forum.tecommons.org) the past week. Thank you for helping our Token Engineering Commons community share and learn! ğŸ’ªğŸ™,0,3,0,0,False,False,True,True,hanners717#2022,missgene#7773,PhilH#1102,bear100#9085,1,3,False
11,621f79e443b89009366ca7c5,2021-12-27T23:00:00.000Z,ALOYSIOUS#3049,iviangita#3204,for engaging in discussion on the TE Commons Forum (https://forum.tecommons.org) the past week. Thank you for helping our Token Engineering Commons community share and learn! ğŸ’ªğŸ™,1,1,0,0,False,False,True,False,Zeptimus#3359,lee0007#8152,shawn#7046,innov8tor3#3988,0,1,False
12,621f79e443b89009366ca7c6,2021-12-27T23:00:00.000Z,liviade#1387,iviangita#3204,for engaging in discussion on the TE Commons Forum (https://forum.tecommons.org) the past week. Thank you for helping our Token Engineering Commons community share and learn! ğŸ’ªğŸ™,0,1,0,1,False,False,True,False,Mettodo#7010,AmwFund#0979,divine_comedian#5493,boonjue.eth#7124,0,1,False
13,621f79e443b89009366ca7c7,2021-12-27T23:00:00.000Z,Tam2140#9361,iviangita#3204,for engaging in discussion on the TE Commons Forum (https://forum.tecommons.org) the past week. Thank you for helping our Token Engineering Commons community share and learn! ğŸ’ªğŸ™,3,3,0,1,False,False,True,False,Mount Manu#3530,missgene#7773,divine_comedian#5493,boonjue.eth#7124,1,3,False
14,621f79e443b89009366ca7c8,2021-12-27T23:00:00.000Z,solsista#5370,iviangita#3204,for engaging in discussion on the TE Commons Forum (https://forum.tecommons.org) the past week. Thank you for helping our Token Engineering Commons community share and learn! ğŸ’ªğŸ™,0,1,0,1,False,False,True,False,Mettodo#7010,Tam2140#9361,Usuaâ— Silver#2618,Parrachia#0450,0,1,False
16,621f79e443b89009366ca7ca,2021-12-27T23:00:00.000Z,divine_comedian#5493,iviangita#3204,for engaging in discussion on the TE Commons Forum (https://forum.tecommons.org) the past week. Thank you for helping our Token Engineering Commons community share and learn! ğŸ’ªğŸ™,0,1,1,0,True,False,False,True,zhiwei#1356,Tam2140#9361,liviade#1387,bear100#9085,0,1,False
17,621f79e443b89009366ca7cb,2021-12-27T23:00:00.000Z,Mount Manu#3530,iviangita#3204,for engaging in discussion on the TE Commons Forum (https://forum.tecommons.org) the past week. Thank you for helping our Token Engineering Commons community share and learn! ğŸ’ªğŸ™,0,1,0,0,False,False,True,False,Mettodo#7010,AmwFund#0979,divine_comedian#5493,"griff (ğŸ’œ, ğŸ’œ)#8888",0,1,False
19,621f79e443b89009366ca7cd,2021-12-27T23:00:00.000Z,kristofer#1475,iviangita#3204,for engaging in discussion on the TE Commons Forum (https://forum.tecommons.org) the past week. Thank you for helping our Token Engineering Commons community share and learn! ğŸ’ªğŸ™,0,3,0,1,False,False,True,False,hanners717#2022,lee0007#8152,shawn#7046,Parrachia#0450,1,3,False
20,621f79e443b89009366ca7ce,2021-12-27T23:00:00.000Z,sem  ğŸ#0161,iviangita#3204,for engaging in discussion on the TE Commons Forum (https://forum.tecommons.org) the past week. Thank you for helping our Token Engineering Commons community share and learn! ğŸ’ªğŸ™,13,0,5,0,False,True,False,False,Zeptimus#3359,bends#3537,tigeroid#2951,innov8tor3#3988,6,13,False
27,621f79e443b89009366ca7d5,2021-12-28T23:00:00.000Z,divine_comedian#5493,chuygarcia.eth#6692,"for the incredible, mindblowing Giveth launch <:givepurple:809545200925671485> we're proud of you ğŸ¥²",0,55,0,55,True,False,True,False,zhiwei#1356,Tam2140#9361,liviade#1387,bear100#9085,27,55,False
53,6256d00a7d6ca6ad95bd543f,2022-01-01T23:00:00.000Z,anna-marie#8824,iviangita#3204,for mentioning or retweeting TE Commons on the socials the past week! Thank you for helping us grow the Token Engineering Commons community and spreading the message! ğŸ™ğŸ¼,1,0,5,0,False,True,False,False,Maxwe11#7157,bends#3537,tigeroid#2951,innov8tor3#3988,2,5,False
57,6256d00a7d6ca6ad95bd5443,2022-01-01T23:00:00.000Z,"griff (ğŸ’œ, ğŸ’œ)#8888",iviangita#3204,for engaging in discussion on the TE Commons Forum (https://forum.tecommons.org) the past week. Thank you for helping our Token Engineering Commons community share and learn! ğŸ’ªğŸ™,5,0,5,0,False,True,False,True,Mount Manu#3530,bends#3537,tigeroid#2951,eduardovegap#0422,2,5,False
58,6256d00a7d6ca6ad95bd5444,2022-01-01T23:00:00.000Z,Tam2140#9361,iviangita#3204,for engaging in discussion on the TE Commons Forum (https://forum.tecommons.org) the past week. Thank you for helping our Token Engineering Commons community share and learn! ğŸ’ªğŸ™,3,0,0,0,False,False,True,False,Mount Manu#3530,missgene#7773,divine_comedian#5493,boonjue.eth#7124,0,3,False
59,6256d00a7d6ca6ad95bd5445,2022-01-01T23:00:00.000Z,bends#3537,iviangita#3204,for engaging in discussion on the TE Commons Forum (https://forum.tecommons.org) the past week. Thank you for helping our Token Engineering Commons community share and learn! ğŸ’ªğŸ™,0,21,0,1,False,False,True,False,Mettodo#7010,Mike Brunt#0745,divine_comedian#5493,Parrachia#0450,7,21,False
71,6256d00a7d6ca6ad95bd5451,2022-01-02T23:00:00.000Z,chuygarcia.eth#6692,AnaTech#7412,for ,0,0,0,0,False,True,True,False,hanners717#2022,Mike Brunt#0745,Usuaâ— Silver#2618,innov8tor3#3988,0,0,False
84,6256d00a7d6ca6ad95bd545e,2022-01-03T23:00:00.000Z,ALOYSIOUS#3049,Fobey.eth#4516,for ,0,0,0,0,True,True,True,False,Zeptimus#3359,lee0007#8152,shawn#7046,innov8tor3#3988,0,0,False
85,6256d00a7d6ca6ad95bd545f,2022-01-03T23:00:00.000Z,iviangita#3204,Fobey.eth#4516,for ,0,1,0,0,False,False,True,True,Mettodo#7010,bends#3537,Usuaâ— Silver#2618,eduardovegap#0422,0,1,False
113,6256d00a7d6ca6ad95bd547b,2022-01-04T23:00:00.000Z,ALOYSIOUS#3049,innov8tor3#3988,for ,0,0,0,0,True,True,True,False,Zeptimus#3359,lee0007#8152,shawn#7046,innov8tor3#3988,0,0,False
128,6256d00a7d6ca6ad95bd548a,2022-01-04T23:00:00.000Z,Techno#8514,eduardovegap#0422,for recommending our community to @Techno!,5,3,8,0,False,False,False,True,Maxwe11#7157,bends#3537,Usuaâ— Silver#2618,eduardovegap#0422,4,8,False
130,6256d00a7d6ca6ad95bd548c,2022-01-04T23:00:00.000Z,MarioRozo#3294,eduardovegap#0422,for recommending our community to @MarioRozo!,0,3,5,0,True,False,False,True,Mount Manu#3530,lee0007#8152,shawn#7046,eduardovegap#0422,2,5,False
204,6256d00a7d6ca6ad95bd54d6,2022-01-09T23:00:00.000Z,mheuer#9922,Juankbell#7458,for recommending this video. I really like how we are starting to find voices in the space for conflict management. Will try to connect with him (merjlin) I'm sure we will have a lot to talk about ğŸ™‚ - https://www.youtube.com/watch?v=Gng6-nfITkY,0,0,0,0,False,False,False,True,Mettodo#7010,bends#3537,tigeroid#2951,boonjue.eth#7124,0,0,False
206,6256d00a7d6ca6ad95bd54d8,2022-01-09T23:00:00.000Z,natesuits#4789,Mount Manu#3530,for the voterâ€™s pamphlet finalization,13,21,0,0,False,False,False,True,Mount Manu#3530,Tam2140#9361,PhilH#1102,bear100#9085,8,21,False
208,6256d00a7d6ca6ad95bd54da,2022-01-09T23:00:00.000Z,Juankbell#7458,Mount Manu#3530,for the voterâ€™s pamphlet finalization,0,0,0,0,False,False,False,True,hanners717#2022,missgene#7773,PhilH#1102,bear100#9085,1,0,False
212,6256d00a7d6ca6ad95bd54de,2022-01-09T23:00:00.000Z,acidlazzer#5796,Mount Manu#3530,for the voterâ€™s pamphlet finalization,13,8,8,0,False,False,False,True,zhiwei#1356,AmwFund#0979,tigeroid#2951,boonjue.eth#7124,7,13,False
213,6256d00a7d6ca6ad95bd54df,2022-01-09T23:00:00.000Z,divine_comedian#5493,Mount Manu#3530,for the voterâ€™s pamphlet finalization,13,8,8,0,False,False,False,True,zhiwei#1356,Tam2140#9361,liviade#1387,bear100#9085,7,13,False
240,6256d00a7d6ca6ad95bd54fa,2022-01-09T23:00:00.000Z,divine_comedian#5493,Mount Manu#3530,for making the TEC such a warm and welcoming community,21,13,5,0,False,False,False,True,zhiwei#1356,Tam2140#9361,liviade#1387,bear100#9085,9,21,False
248,6256d00a7d6ca6ad95bd5502,2022-01-09T23:00:00.000Z,Juankbell#7458,Mount Manu#3530,for ,0,0,0,0,False,True,True,True,hanners717#2022,missgene#7773,PhilH#1102,bear100#9085,0,0,False
249,6256d00a7d6ca6ad95bd5503,2022-01-09T23:00:00.000Z,GideonRo#3175,Mount Manu#3530,for his new article,13,0,0,0,False,True,False,False,Mount Manu#3530,lee0007#8152,divine_comedian#5493,"griff (ğŸ’œ, ğŸ’œ)#8888",5,13,False
250,6256d00a7d6ca6ad95bd5504,2022-01-09T23:00:00.000Z,sem  ğŸ#0161,Mount Manu#3530,for ,0,0,0,0,True,True,True,False,Zeptimus#3359,bends#3537,tigeroid#2951,innov8tor3#3988,0,0,False
251,6256d00a7d6ca6ad95bd5505,2022-01-09T23:00:00.000Z,elessar.eth#7945,Mount Manu#3530,for ,0,0,0,0,True,True,True,False,Zeptimus#3359,lee0007#8152,shawn#7046,"griff (ğŸ’œ, ğŸ’œ)#8888",0,0,False
252,6256d00a7d6ca6ad95bd5506,2022-01-09T23:00:00.000Z,Nuggan#5183,Mount Manu#3530,for ,0,0,0,0,True,True,True,False,zhiwei#1356,lee0007#8152,PhilH#1102,"griff (ğŸ’œ, ğŸ’œ)#8888",0,0,False
253,6256d00a7d6ca6ad95bd5507,2022-01-09T23:00:00.000Z,bradleyc#3333,Mount Manu#3530,for ,0,0,0,0,False,True,True,False,hanners717#2022,lee0007#8152,PhilH#1102,"griff (ğŸ’œ, ğŸ’œ)#8888",0,0,False
254,6256d00a7d6ca6ad95bd5508,2022-01-09T23:00:00.000Z,VitorNunes#0090,Mount Manu#3530,for ,0,0,0,0,False,True,True,False,hanners717#2022,bends#3537,liviade#1387,innov8tor3#3988,0,0,False
259,6256d00a7d6ca6ad95bd550d,2022-01-09T23:00:00.000Z,Nuggan#5183,iviangita#3204,for mentioning or retweeting TE Commons on the socials the past week! Thank you for helping us grow the Token Engineering Commons community and spreading the message! ğŸ™ğŸ¼,3,1,0,0,False,False,True,False,zhiwei#1356,lee0007#8152,PhilH#1102,"griff (ğŸ’œ, ğŸ’œ)#8888",1,3,False
264,6256d00a7d6ca6ad95bd5512,2022-01-09T23:00:00.000Z,Kojak#5611,iviangita#3204,for mentioning or retweeting TE Commons on the socials the past week! Thank you for helping us grow the Token Engineering Commons community and spreading the message! ğŸ™ğŸ¼,0,0,1,0,False,True,False,False,hanners717#2022,bends#3537,liviade#1387,innov8tor3#3988,0,1,False
265,6256d00a7d6ca6ad95bd5513,2022-01-09T23:00:00.000Z,anna-marie#8824,iviangita#3204,for mentioning or retweeting TE Commons on the socials the past week! Thank you for helping us grow the Token Engineering Commons community and spreading the message! ğŸ™ğŸ¼,1,0,5,0,False,True,False,False,Maxwe11#7157,bends#3537,tigeroid#2951,innov8tor3#3988,2,5,False
269,6256d00a7d6ca6ad95bd5517,2022-01-09T23:00:00.000Z,Lin#3884,iviangita#3204,for mentioning or retweeting TE Commons on the socials the past week! Thank you for helping us grow the Token Engineering Commons community and spreading the message! ğŸ™ğŸ¼,1,0,1,0,False,True,False,False,Zeptimus#3359,bends#3537,Usuaâ— Silver#2618,"griff (ğŸ’œ, ğŸ’œ)#8888",0,1,False
273,6256d00a7d6ca6ad95bd551b,2022-01-09T23:00:00.000Z,mheuer#9922,iviangita#3204,for mentioning or retweeting TE Commons on the socials the past week! Thank you for helping us grow the Token Engineering Commons community and spreading the message! ğŸ™ğŸ¼,0,0,5,1,False,True,False,False,Mettodo#7010,bends#3537,tigeroid#2951,boonjue.eth#7124,2,5,False
281,6256d00a7d6ca6ad95bd5523,2022-01-09T23:00:00.000Z,"griff (ğŸ’œ, ğŸ’œ)#8888",Mount Manu#3530,for their work on the Commons Stackâ€™s year-end review video,5,8,21,0,False,False,False,True,Mount Manu#3530,bends#3537,tigeroid#2951,eduardovegap#0422,8,21,False
282,6256d00a7d6ca6ad95bd5524,2022-01-09T23:00:00.000Z,Tam2140#9361,Mount Manu#3530,for their work on the Commons Stackâ€™s year-end review video,8,13,0,13,False,False,True,False,Mount Manu#3530,missgene#7773,divine_comedian#5493,boonjue.eth#7124,8,13,False
301,6256d00a7d6ca6ad95bd5537,2022-01-09T23:00:00.000Z,liviade#1387,Mount Manu#3530,for ,0,0,0,0,False,True,True,True,Mettodo#7010,AmwFund#0979,divine_comedian#5493,boonjue.eth#7124,0,0,False
331,6256d00a7d6ca6ad95bd5555,2022-01-09T23:00:00.000Z,GideonRo#3175,iviangita#3204,for engaging in discussion on the TE Commons Forum (https://forum.tecommons.org) the past week. Thank you for helping our Token Engineering Commons community share and learn! ğŸ’ªğŸ™,5,1,0,0,False,False,True,False,Mount Manu#3530,lee0007#8152,divine_comedian#5493,"griff (ğŸ’œ, ğŸ’œ)#8888",2,5,False
333,6256d00a7d6ca6ad95bd5557,2022-01-09T23:00:00.000Z,Tam2140#9361,iviangita#3204,for engaging in discussion on the TE Commons Forum (https://forum.tecommons.org) the past week. Thank you for helping our Token Engineering Commons community share and learn! ğŸ’ªğŸ™,3,5,0,1,False,False,True,False,Mount Manu#3530,missgene#7773,divine_comedian#5493,boonjue.eth#7124,2,5,False
334,6256d00a7d6ca6ad95bd5558,2022-01-09T23:00:00.000Z,liviade#1387,iviangita#3204,for engaging in discussion on the TE Commons Forum (https://forum.tecommons.org) the past week. Thank you for helping our Token Engineering Commons community share and learn! ğŸ’ªğŸ™,0,1,0,1,False,False,True,False,Mettodo#7010,AmwFund#0979,divine_comedian#5493,boonjue.eth#7124,0,1,False
335,6256d00a7d6ca6ad95bd5559,2022-01-09T23:00:00.000Z,Juankbell#7458,iviangita#3204,for engaging in discussion on the TE Commons Forum (https://forum.tecommons.org) the past week. Thank you for helping our Token Engineering Commons community share and learn! ğŸ’ªğŸ™,0,3,0,0,False,False,True,True,hanners717#2022,missgene#7773,PhilH#1102,bear100#9085,1,3,False
336,6256d00a7d6ca6ad95bd555a,2022-01-09T23:00:00.000Z,Zeptimus#3359,iviangita#3204,for engaging in discussion on the TE Commons Forum (https://forum.tecommons.org) the past week. Thank you for helping our Token Engineering Commons community share and learn! ğŸ’ªğŸ™,0,1,1,1,True,False,False,False,zhiwei#1356,AmwFund#0979,liviade#1387,Parrachia#0450,0,1,False
338,6256d00a7d6ca6ad95bd555c,2022-01-09T23:00:00.000Z,"griff (ğŸ’œ, ğŸ’œ)#8888",iviangita#3204,for engaging in discussion on the TE Commons Forum (https://forum.tecommons.org) the past week. Thank you for helping our Token Engineering Commons community share and learn! ğŸ’ªğŸ™,5,0,5,0,False,True,False,True,Mount Manu#3530,bends#3537,tigeroid#2951,eduardovegap#0422,2,5,False
339,6256d00a7d6ca6ad95bd555d,2022-01-09T23:00:00.000Z,akrtws (TE Academy)#4246,iviangita#3204,for engaging in discussion on the TE Commons Forum (https://forum.tecommons.org) the past week. Thank you for helping our Token Engineering Commons community share and learn! ğŸ’ªğŸ™,0,0,0,0,False,True,True,False,hanners717#2022,bends#3537,Usuaâ— Silver#2618,innov8tor3#3988,0,0,False
340,6256d00a7d6ca6ad95bd555e,2022-01-09T23:00:00.000Z,iviangita#3204,iviangita#3204,for engaging in discussion on the TE Commons Forum (https://forum.tecommons.org) the past week. Thank you for helping our Token Engineering Commons community share and learn! ğŸ’ªğŸ™,0,0,0,0,False,True,True,True,Mettodo#7010,bends#3537,Usuaâ— Silver#2618,eduardovegap#0422,0,0,False
346,6256d00a7d6ca6ad95bd5564,2022-01-09T23:00:00.000Z,karmaticacid#1218,Mount Manu#3530,for getting engaged!,3,34,0,1,False,False,True,False,Zeptimus#3359,Mike Brunt#0745,shawn#7046,eduardovegap#0422,9,34,False
350,6256d00a7d6ca6ad95bd5568,2022-01-09T23:00:00.000Z,"griff (ğŸ’œ, ğŸ’œ)#8888",Mount Manu#3530,for ,0,1,0,0,True,False,True,True,Mount Manu#3530,bends#3537,tigeroid#2951,eduardovegap#0422,0,1,False
359,6256d00a7d6ca6ad95bd5571,2022-01-09T23:00:00.000Z,divine_comedian#5493,Mount Manu#3530,for the backend work youâ€™ve been doing around the CU,0,55,34,0,False,False,False,True,zhiwei#1356,Tam2140#9361,liviade#1387,bear100#9085,22,55,False
361,6256d00a7d6ca6ad95bd5573,2022-01-09T23:00:00.000Z,karmaticacid#1218,Mount Manu#3530,for the backend work youâ€™ve been doing around the CU,21,13,0,3,False,False,True,False,Zeptimus#3359,Mike Brunt#0745,shawn#7046,eduardovegap#0422,9,21,False
373,6256d00a7d6ca6ad95bd557f,2022-01-09T23:00:00.000Z,Juankbell#7458,Mount Manu#3530,"for having lead our community successfully almost up to the CU, which is so close now",0,0,34,0,False,False,False,True,hanners717#2022,missgene#7773,PhilH#1102,bear100#9085,12,34,False
376,6256d00a7d6ca6ad95bd5582,2022-01-09T23:00:00.000Z,karmaticacid#1218,Mount Manu#3530,"for having lead our community successfully almost up to the CU, which is so close now",34,21,0,3,False,False,True,False,Zeptimus#3359,Mike Brunt#0745,shawn#7046,eduardovegap#0422,14,34,False
377,6256d00a7d6ca6ad95bd5583,2022-01-09T23:00:00.000Z,Vyvy-vi#5040,Mount Manu#3530,"for having lead our community successfully almost up to the CU, which is so close now",0,34,0,0,False,False,False,True,Mettodo#7010,Tam2140#9361,divine_comedian#5493,bear100#9085,12,34,False
378,6256d00a7d6ca6ad95bd5584,2022-01-09T23:00:00.000Z,divine_comedian#5493,Mount Manu#3530,"for having lead our community successfully almost up to the CU, which is so close now",13,55,0,0,False,False,False,True,zhiwei#1356,Tam2140#9361,liviade#1387,bear100#9085,17,55,False
379,6256d00a7d6ca6ad95bd5585,2022-01-09T23:00:00.000Z,natesuits#4789,Mount Manu#3530,"for having lead our community successfully almost up to the CU, which is so close now",8,8,0,0,False,False,False,True,Mount Manu#3530,Tam2140#9361,PhilH#1102,bear100#9085,4,8,False
406,6256d00b7d6ca6ad95bd55a0,2022-01-09T23:00:00.000Z,acidlazzer#5796,Mount Manu#3530,"for taking on the beautification of all things TEC, specially the voterâ€™s pamphlet: thank you so much!",5,13,8,0,False,False,False,True,zhiwei#1356,AmwFund#0979,tigeroid#2951,boonjue.eth#7124,6,13,False
418,6256d00b7d6ca6ad95bd55ac,2022-01-10T23:00:00.000Z,AmwFund#0979,kristofer#1475,for ,0,1,0,0,True,False,True,True,Maxwe11#7157,bends#3537,liviade#1387,bear100#9085,0,1,False
419,6256d00b7d6ca6ad95bd55ad,2022-01-10T23:00:00.000Z,heater#9765,kristofer#1475,for ,0,0,0,0,False,True,True,True,hanners717#2022,lee0007#8152,PhilH#1102,eduardovegap#0422,0,0,False
420,6256d00b7d6ca6ad95bd55ae,2022-01-10T23:00:00.000Z,liviade#1387,kristofer#1475,for ,0,0,0,0,False,True,True,True,Mettodo#7010,AmwFund#0979,divine_comedian#5493,boonjue.eth#7124,0,0,False
422,6256d00b7d6ca6ad95bd55b0,2022-01-10T23:00:00.000Z,Nebs#2035,kristofer#1475,for ,0,0,0,0,False,True,True,True,hanners717#2022,lee0007#8152,PhilH#1102,Parrachia#0450,0,0,False
423,6256d00b7d6ca6ad95bd55b1,2022-01-10T23:00:00.000Z,Nuggan#5183,kristofer#1475,for ,0,0,0,0,True,True,True,False,zhiwei#1356,lee0007#8152,PhilH#1102,"griff (ğŸ’œ, ğŸ’œ)#8888",0,0,False
453,6256d00b7d6ca6ad95bd55cf,2022-01-10T23:00:00.000Z,ALOYSIOUS#3049,liviade#1387,for ,0,0,0,0,True,True,True,False,Zeptimus#3359,lee0007#8152,shawn#7046,innov8tor3#3988,0,0,False
454,6256d00b7d6ca6ad95bd55d0,2022-01-10T23:00:00.000Z,bends#3537,liviade#1387,for ,0,0,0,0,False,True,True,True,Mettodo#7010,Mike Brunt#0745,divine_comedian#5493,Parrachia#0450,0,0,False
455,6256d00b7d6ca6ad95bd55d1,2022-01-10T23:00:00.000Z,chuygarcia.eth#6692,liviade#1387,for ,0,0,0,0,False,True,True,False,hanners717#2022,Mike Brunt#0745,Usuaâ— Silver#2618,innov8tor3#3988,0,0,False
457,6256d00b7d6ca6ad95bd55d3,2022-01-10T23:00:00.000Z,DerpTwerks#3420,liviade#1387,for ,0,0,0,0,False,True,True,True,hanners717#2022,bends#3537,liviade#1387,Parrachia#0450,0,0,False
458,6256d00b7d6ca6ad95bd55d4,2022-01-10T23:00:00.000Z,r33pich33p#6906,liviade#1387,for ,0,0,0,0,True,True,True,False,Zeptimus#3359,Mike Brunt#0745,liviade#1387,innov8tor3#3988,0,0,False
459,6256d00b7d6ca6ad95bd55d5,2022-01-10T23:00:00.000Z,Juankbell#7458,liviade#1387,for ,0,0,0,0,False,True,True,True,hanners717#2022,missgene#7773,PhilH#1102,bear100#9085,0,0,False
461,6256d00b7d6ca6ad95bd55d7,2022-01-10T23:00:00.000Z,metaverde#2503,liviade#1387,for ,0,0,0,0,False,True,True,False,Mettodo#7010,AmwFund#0979,tigeroid#2951,"griff (ğŸ’œ, ğŸ’œ)#8888",0,0,False
462,6256d00b7d6ca6ad95bd55d8,2022-01-10T23:00:00.000Z,Mount Manu#3530,liviade#1387,for ,0,0,0,0,False,True,True,False,Mettodo#7010,AmwFund#0979,divine_comedian#5493,"griff (ğŸ’œ, ğŸ’œ)#8888",0,0,False
464,6256d00b7d6ca6ad95bd55da,2022-01-10T23:00:00.000Z,nic#9212,liviade#1387,for ,0,0,0,0,True,True,True,False,Maxwe11#7157,Mike Brunt#0745,shawn#7046,"griff (ğŸ’œ, ğŸ’œ)#8888",0,0,False
465,6256d00b7d6ca6ad95bd55db,2022-01-10T23:00:00.000Z,Nuggan#5183,liviade#1387,for ,0,0,0,0,True,True,True,False,zhiwei#1356,lee0007#8152,PhilH#1102,"griff (ğŸ’œ, ğŸ’œ)#8888",0,0,False
514,6256d00b7d6ca6ad95bd560c,2022-01-10T23:00:00.000Z,karmaticacid#1218,Mount Manu#3530,"for being involved in Giveth, which is an awesome project",5,21,0,3,False,False,True,False,Zeptimus#3359,Mike Brunt#0745,shawn#7046,eduardovegap#0422,7,21,False
527,6256d00b7d6ca6ad95bd5619,2022-01-10T23:00:00.000Z,karmaticacid#1218,Mount Manu#3530,for the recent voter pamphlet working session,13,8,0,3,False,False,True,False,Zeptimus#3359,Mike Brunt#0745,shawn#7046,eduardovegap#0422,6,13,False
539,6256d00b7d6ca6ad95bd5625,2022-01-10T23:00:00.000Z,karmaticacid#1218,Mount Manu#3530,"for leading the Giveconomy launch, which was a success",13,34,0,3,False,False,True,False,Zeptimus#3359,Mike Brunt#0745,shawn#7046,eduardovegap#0422,12,34,False
540,6256d00b7d6ca6ad95bd5626,2022-01-10T23:00:00.000Z,divine_comedian#5493,Mount Manu#3530,"for leading the Giveconomy launch, which was a success",21,34,0,0,False,False,True,False,zhiwei#1356,Tam2140#9361,liviade#1387,bear100#9085,15,34,False
553,6256d00b7d6ca6ad95bd5633,2022-01-10T23:00:00.000Z,kristofer#1475,Mount Manu#3530,for the work theyâ€™ve done on the Rewards System research initiative,0,0,0,89,False,True,True,False,hanners717#2022,lee0007#8152,shawn#7046,Parrachia#0450,29,89,False
567,6256d00b7d6ca6ad95bd5641,2022-01-10T23:00:00.000Z,divine_comedian#5493,Mount Manu#3530,"for their work in Giveth, which energizes our whole community with giving vibes",0,34,8,0,True,False,False,True,zhiwei#1356,Tam2140#9361,liviade#1387,bear100#9085,10,34,False
574,6256d00b7d6ca6ad95bd5648,2022-01-10T23:00:00.000Z,Tam2140#9361,Mount Manu#3530,"for being such an amazing leader: we all learn a lot from you all of the time; the way you carry meetings with such warmth, competence, and charisma is inspiring",8,0,0,0,False,False,True,False,Mount Manu#3530,missgene#7773,divine_comedian#5493,boonjue.eth#7124,2,8,False
580,6256d00b7d6ca6ad95bd564e,2022-01-10T23:00:00.000Z,Mert Ozd#6679,Mount Manu#3530,for carrying the torch for the 0mega WG,13,0,21,0,False,True,False,False,Zeptimus#3359,lee0007#8152,PhilH#1102,innov8tor3#3988,11,21,False
583,6256d00b7d6ca6ad95bd5651,2022-01-10T23:00:00.000Z,Juankbell#7458,Mount Manu#3530,for all the work that they around Comms,0,0,0,0,False,False,False,True,hanners717#2022,missgene#7773,PhilH#1102,bear100#9085,0,0,False
594,6256d00b7d6ca6ad95bd565c,2022-01-10T23:00:00.000Z,natesuits#4789,Mount Manu#3530,for the work they did around the voterâ€™s pamphlet task,8,34,0,0,False,False,False,True,Mount Manu#3530,Tam2140#9361,PhilH#1102,bear100#9085,10,34,False
596,6256d00b7d6ca6ad95bd565e,2022-01-10T23:00:00.000Z,Juankbell#7458,Mount Manu#3530,for the work they did around the voterâ€™s pamphlet task,0,0,0,0,False,False,False,True,hanners717#2022,missgene#7773,PhilH#1102,bear100#9085,1,0,False
598,6256d00b7d6ca6ad95bd5660,2022-01-10T23:00:00.000Z,acidlazzer#5796,Mount Manu#3530,for the work they did around the voterâ€™s pamphlet task,8,13,0,0,False,False,False,True,zhiwei#1356,AmwFund#0979,tigeroid#2951,boonjue.eth#7124,5,13,False
602,6256d00b7d6ca6ad95bd5664,2022-01-10T23:00:00.000Z,karmaticacid#1218,Mount Manu#3530,for the awesome work theyâ€™ve done with Giveth,0,0,0,3,False,False,True,False,Zeptimus#3359,Mike Brunt#0745,shawn#7046,eduardovegap#0422,1,3,False
603,6256d00b7d6ca6ad95bd5665,2022-01-10T23:00:00.000Z,divine_comedian#5493,Mount Manu#3530,for the awesome work theyâ€™ve done with Giveth,0,1,0,0,True,False,True,True,zhiwei#1356,Tam2140#9361,liviade#1387,bear100#9085,0,1,False
604,6256d00b7d6ca6ad95bd5666,2022-01-10T23:00:00.000Z,mateodaza#3156,Mount Manu#3530,for the awesome work theyâ€™ve done with Giveth,0,0,0,0,False,False,False,True,Mettodo#7010,missgene#7773,PhilH#1102,bear100#9085,0,0,False
609,6256d00b7d6ca6ad95bd566b,2022-01-10T23:00:00.000Z,Leen#8610,Mount Manu#3530,for jumping into Gravity with her conflict resolution experience,8,5,0,13,False,False,True,False,Maxwe11#7157,lee0007#8152,shawn#7046,Parrachia#0450,6,13,False
612,6256d00b7d6ca6ad95bd566e,2022-01-10T23:00:00.000Z,Vyvy-vi#5040,Mount Manu#3530,for helping a lot with all the bot coding and other programming tasks: youâ€™ve made a huge impact in our community already and we thank you for it,0,144,0,0,False,False,False,True,Mettodo#7010,Tam2140#9361,divine_comedian#5493,bear100#9085,50,144,False
622,6256d00b7d6ca6ad95bd5678,2022-01-10T23:00:00.000Z,natesuits#4789,Mount Manu#3530,"for crafting the voterâ€™s pamphlet, which is/was a lot of work",34,144,0,0,False,False,False,True,Mount Manu#3530,Tam2140#9361,PhilH#1102,bear100#9085,44,144,False
625,6256d00b7d6ca6ad95bd567b,2022-01-10T23:00:00.000Z,Juankbell#7458,Mount Manu#3530,"for crafting the voterâ€™s pamphlet, which is/was a lot of work",0,0,0,0,False,False,False,True,hanners717#2022,missgene#7773,PhilH#1102,bear100#9085,1,0,False
639,6256d00b7d6ca6ad95bd5689,2022-01-10T23:00:00.000Z,karmaticacid#1218,Mount Manu#3530,for the Giveconomy launch (which was extraordinary),0,0,0,3,False,False,True,False,Zeptimus#3359,Mike Brunt#0745,shawn#7046,eduardovegap#0422,1,3,False
641,6256d00b7d6ca6ad95bd568b,2022-01-10T23:00:00.000Z,divine_comedian#5493,Mount Manu#3530,for the Giveconomy launch (which was extraordinary),0,8,0,0,True,False,True,True,zhiwei#1356,Tam2140#9361,liviade#1387,bear100#9085,2,8,False
642,6256d00b7d6ca6ad95bd568c,2022-01-10T23:00:00.000Z,mateodaza#3156,Mount Manu#3530,for the Giveconomy launch (which was extraordinary),0,0,0,0,False,False,False,True,Mettodo#7010,missgene#7773,PhilH#1102,bear100#9085,0,0,False
643,6256d00b7d6ca6ad95bd568d,2022-01-10T23:00:00.000Z,chuygarcia.eth#6692,Mount Manu#3530,for ,0,0,0,0,False,True,True,False,hanners717#2022,Mike Brunt#0745,Usuaâ— Silver#2618,innov8tor3#3988,0,0,False
645,6256d00b7d6ca6ad95bd568f,2022-01-10T23:00:00.000Z,liviade#1387,Mount Manu#3530,for ,0,0,0,0,False,True,True,True,Mettodo#7010,AmwFund#0979,divine_comedian#5493,boonjue.eth#7124,0,0,False
669,6256d00b7d6ca6ad95bd56a7,2022-01-10T23:00:00.000Z,karmaticacid#1218,Mount Manu#3530,for all the work theyâ€™ve been doing behind-the-scenes to make sure we launch the CU in time,34,13,0,3,False,False,True,False,Zeptimus#3359,Mike Brunt#0745,shawn#7046,eduardovegap#0422,12,34,False
670,6256d00b7d6ca6ad95bd56a8,2022-01-10T23:00:00.000Z,divine_comedian#5493,Mount Manu#3530,for all the work theyâ€™ve been doing behind-the-scenes to make sure we launch the CU in time,8,34,0,0,False,False,False,True,zhiwei#1356,Tam2140#9361,liviade#1387,bear100#9085,10,34,False
696,6256d00b7d6ca6ad95bd56c2,2022-01-12T23:00:00.000Z,bustavo#8085,Vyvy-vi#5040,for ,0,0,0,0,True,True,True,False,Zeptimus#3359,bends#3537,tigeroid#2951,innov8tor3#3988,0,0,False
709,6256d00b7d6ca6ad95bd56cf,2022-01-12T23:00:00.000Z,Mount Manu#3530,r33pich33p#6906,for ,0,0,0,0,False,True,True,False,Mettodo#7010,AmwFund#0979,divine_comedian#5493,"griff (ğŸ’œ, ğŸ’œ)#8888",0,0,False
719,6256d00b7d6ca6ad95bd56d9,2022-01-12T23:00:00.000Z,kristofer#1475,Zeptimus#3359,for ,0,0,0,0,False,True,True,True,hanners717#2022,lee0007#8152,shawn#7046,Parrachia#0450,0,0,False
749,6256d00b7d6ca6ad95bd56f7,2022-01-12T23:00:00.000Z,Zeptimus#3359,Tam2140#9361,for always being available and patient and ready to get to work with me! ğŸ’š,5,0,13,13,False,True,False,False,zhiwei#1356,AmwFund#0979,liviade#1387,Parrachia#0450,7,13,False
754,6256d00b7d6ca6ad95bd56fc,2022-01-13T23:00:00.000Z,elessar.eth#7945,Tam2140#9361,for the HUGE role you played in launching the Commons and because we could not have - no seriously we REALLY could not have - done it without you!,0,0,0,0,False,True,True,False,Zeptimus#3359,lee0007#8152,shawn#7046,"griff (ğŸ’œ, ğŸ’œ)#8888",4,0,False
757,6256d00b7d6ca6ad95bd56ff,2022-01-13T23:00:00.000Z,Nuggan#5183,iviangita#3204,for mentioning or retweeting TE Commons on the socials the past week! Thank you for helping us grow the Token Engineering Commons community and spreading the message! ğŸ™ğŸ¼,3,1,0,0,False,False,True,False,zhiwei#1356,lee0007#8152,PhilH#1102,"griff (ğŸ’œ, ğŸ’œ)#8888",1,3,False
764,6256d00b7d6ca6ad95bd5706,2022-01-13T23:00:00.000Z,Rohekbenitez#8753,iviangita#3204,for mentioning or retweeting TE Commons on the socials the past week! Thank you for helping us grow the Token Engineering Commons community and spreading the message! ğŸ™ğŸ¼,0,0,1,0,False,True,False,False,Mettodo#7010,bends#3537,Usuaâ— Silver#2618,innov8tor3#3988,0,1,False
765,6256d00b7d6ca6ad95bd5707,2022-01-13T23:00:00.000Z,Yineisy Mota#1449,iviangita#3204,for mentioning or retweeting TE Commons on the socials the past week! Thank you for helping us grow the Token Engineering Commons community and spreading the message! ğŸ™ğŸ¼,1,1,0,0,False,False,True,False,Maxwe11#7157,lee0007#8152,PhilH#1102,"griff (ğŸ’œ, ğŸ’œ)#8888",0,1,False
772,6256d00b7d6ca6ad95bd570e,2022-01-13T23:00:00.000Z,Zeptimus#3359,iviangita#3204,for engaging in discussion on the TE Commons Forum (https://forum.tecommons.org) the past week. Thank you for helping our Token Engineering Commons community share and learn! ğŸ’ªğŸ™,0,1,3,1,True,False,False,False,zhiwei#1356,AmwFund#0979,liviade#1387,Parrachia#0450,1,3,False
774,6256d00b7d6ca6ad95bd5710,2022-01-13T23:00:00.000Z,Nuggan#5183,iviangita#3204,for engaging in discussion on the TE Commons Forum (https://forum.tecommons.org) the past week. Thank you for helping our Token Engineering Commons community share and learn! ğŸ’ªğŸ™,0,3,0,0,True,False,True,False,zhiwei#1356,lee0007#8152,PhilH#1102,"griff (ğŸ’œ, ğŸ’œ)#8888",1,3,False
775,6256d00b7d6ca6ad95bd5711,2022-01-13T23:00:00.000Z,"griff (ğŸ’œ, ğŸ’œ)#8888",iviangita#3204,for engaging in discussion on the TE Commons Forum (https://forum.tecommons.org) the past week. Thank you for helping our Token Engineering Commons community share and learn! ğŸ’ªğŸ™,5,0,5,0,False,True,False,True,Mount Manu#3530,bends#3537,tigeroid#2951,eduardovegap#0422,2,5,False
776,6256d00b7d6ca6ad95bd5712,2022-01-13T23:00:00.000Z,Tam2140#9361,iviangita#3204,for engaging in discussion on the TE Commons Forum (https://forum.tecommons.org) the past week. Thank you for helping our Token Engineering Commons community share and learn! ğŸ’ªğŸ™,3,3,0,1,False,False,True,False,Mount Manu#3530,missgene#7773,divine_comedian#5493,boonjue.eth#7124,1,3,False
777,6256d00b7d6ca6ad95bd5713,2022-01-13T23:00:00.000Z,kristofer#1475,iviangita#3204,for engaging in discussion on the TE Commons Forum (https://forum.tecommons.org) the past week. Thank you for helping our Token Engineering Commons community share and learn! ğŸ’ªğŸ™,0,3,0,3,False,False,True,False,hanners717#2022,lee0007#8152,shawn#7046,Parrachia#0450,2,3,False
778,6256d00b7d6ca6ad95bd5714,2022-01-13T23:00:00.000Z,Juankbell#7458,iviangita#3204,for engaging in discussion on the TE Commons Forum (https://forum.tecommons.org) the past week. Thank you for helping our Token Engineering Commons community share and learn! ğŸ’ªğŸ™,0,3,1,0,False,False,False,True,hanners717#2022,missgene#7773,PhilH#1102,bear100#9085,1,3,False
779,6256d00b7d6ca6ad95bd5715,2022-01-13T23:00:00.000Z,karmaticacid#1218,iviangita#3204,for engaging in discussion on the TE Commons Forum (https://forum.tecommons.org) the past week. Thank you for helping our Token Engineering Commons community share and learn! ğŸ’ªğŸ™,1,8,0,0,False,False,True,True,Zeptimus#3359,Mike Brunt#0745,shawn#7046,eduardovegap#0422,2,8,False
780,6256d00b7d6ca6ad95bd5716,2022-01-13T23:00:00.000Z,liviade#1387,iviangita#3204,for engaging in discussion on the TE Commons Forum (https://forum.tecommons.org) the past week. Thank you for helping our Token Engineering Commons community share and learn! ğŸ’ªğŸ™,0,1,0,1,False,False,True,False,Mettodo#7010,AmwFund#0979,divine_comedian#5493,boonjue.eth#7124,0,1,False
781,6256d00b7d6ca6ad95bd5717,2022-01-13T23:00:00.000Z,Pat âœ¨#3662,iviangita#3204,for engaging in discussion on the TE Commons Forum (https://forum.tecommons.org) the past week. Thank you for helping our Token Engineering Commons community share and learn! ğŸ’ªğŸ™,5,1,0,0,False,False,True,True,Mount Manu#3530,AmwFund#0979,shawn#7046,eduardovegap#0422,1,5,False
786,6256d00b7d6ca6ad95bd571c,2022-01-15T23:00:00.000Z,metaverde#2503,graial#0787,for ,0,0,0,0,False,True,True,False,Mettodo#7010,AmwFund#0979,tigeroid#2951,"griff (ğŸ’œ, ğŸ’œ)#8888",0,0,False
807,6256d00b7d6ca6ad95bd5731,2022-01-15T23:00:00.000Z,Mount Manu#3530,Mount Manu#3530,for the Harry Potter-looking vibes,0,1,0,0,False,False,True,False,Mettodo#7010,AmwFund#0979,divine_comedian#5493,"griff (ğŸ’œ, ğŸ’œ)#8888",0,1,False
816,6256d00b7d6ca6ad95bd573a,2022-01-15T23:00:00.000Z,kristofer#1475,Mount Manu#3530,for all his work on the new praise system and for all the quant preparation heâ€™s doing,0,8,0,0,False,False,True,False,hanners717#2022,lee0007#8152,shawn#7046,Parrachia#0450,5,8,False
826,6256d00b7d6ca6ad95bd5744,2022-01-15T23:00:00.000Z,karmaticacid#1218,Mount Manu#3530,for participating in the past debates,8,5,0,3,False,False,True,False,Zeptimus#3359,Mike Brunt#0745,shawn#7046,eduardovegap#0422,4,8,False
857,6256d00b7d6ca6ad95bd5763,2022-01-15T23:00:00.000Z,Vyvy-vi#5040,Mount Manu#3530,for keeping tabs on all things bots,0,8,0,0,False,False,False,True,Mettodo#7010,Tam2140#9361,divine_comedian#5493,bear100#9085,5,8,False
860,6256d00b7d6ca6ad95bd5766,2022-01-15T23:00:00.000Z,bends#3537,Mount Manu#3530,for ,0,0,0,0,False,True,True,True,Mettodo#7010,Mike Brunt#0745,divine_comedian#5493,Parrachia#0450,0,0,False
864,6256d00b7d6ca6ad95bd576a,2022-01-15T23:00:00.000Z,Leen#8610,Mount Manu#3530,for stepping up into being very valuable contributors for Gravity,8,5,0,5,False,False,True,False,Maxwe11#7157,lee0007#8152,shawn#7046,Parrachia#0450,4,8,False
866,6256d00b7d6ca6ad95bd576c,2022-01-15T23:00:00.000Z,elessar.eth#7945,Mount Manu#3530,for all the test deployments this week and then finally the launch,55,8,0,0,False,False,True,False,Zeptimus#3359,lee0007#8152,shawn#7046,"griff (ğŸ’œ, ğŸ’œ)#8888",21,55,False
878,6256d00b7d6ca6ad95bd5778,2022-01-15T23:00:00.000Z,MarioRozo#3294,Mount Manu#3530,for the animation & video production team: I canâ€™t believe how much progress you guys have accomplished,21,0,0,3,False,True,True,False,Mount Manu#3530,lee0007#8152,shawn#7046,eduardovegap#0422,6,21,False
882,6256d00b7d6ca6ad95bd577c,2022-01-15T23:00:00.000Z,elessar.eth#7945,Mount Manu#3530,for making the Commons Upgrade a reality: thank you all,0,8,0,0,False,False,True,False,Zeptimus#3359,lee0007#8152,shawn#7046,"griff (ğŸ’œ, ğŸ’œ)#8888",7,8,False
891,6256d00b7d6ca6ad95bd5785,2022-01-15T23:00:00.000Z,elessar.eth#7945,Mount Manu#3530,for deploying our parameters and all the team behind it,21,8,0,0,False,False,True,False,Zeptimus#3359,lee0007#8152,shawn#7046,"griff (ğŸ’œ, ğŸ’œ)#8888",9,21,False
901,6256d00b7d6ca6ad95bd578f,2022-01-15T23:00:00.000Z,Mount Manu#3530,Mount Manu#3530,for coming to the Community Call,0,0,1,0,False,True,False,False,Mettodo#7010,AmwFund#0979,divine_comedian#5493,"griff (ğŸ’œ, ğŸ’œ)#8888",0,1,False
902,6256d00b7d6ca6ad95bd5790,2022-01-15T23:00:00.000Z,acidlazzer#5796,Mount Manu#3530,for coming to the Community Call,0,0,1,1,False,True,False,False,zhiwei#1356,AmwFund#0979,tigeroid#2951,boonjue.eth#7124,0,1,False
907,6256d00b7d6ca6ad95bd5795,2022-01-15T23:00:00.000Z,Zeptimus#3359,Mount Manu#3530,for coming to the Community Call,0,0,0,1,True,True,False,False,zhiwei#1356,AmwFund#0979,liviade#1387,Parrachia#0450,0,1,False
909,6256d00b7d6ca6ad95bd5797,2022-01-15T23:00:00.000Z,Vyvy-vi#5040,Mount Manu#3530,for coming to the Community Call,0,1,1,0,False,False,False,True,Mettodo#7010,Tam2140#9361,divine_comedian#5493,bear100#9085,0,1,False
910,6256d00b7d6ca6ad95bd5798,2022-01-15T23:00:00.000Z,durgadas#9280,Mount Manu#3530,for coming to the Community Call,0,1,1,0,False,False,False,True,zhiwei#1356,missgene#7773,liviade#1387,Parrachia#0450,0,1,False
915,6256d00b7d6ca6ad95bd579d,2022-01-15T23:00:00.000Z,mateodaza#3156,Mount Manu#3530,for coming to the Community Call,0,1,1,0,False,False,False,True,Mettodo#7010,missgene#7773,PhilH#1102,bear100#9085,0,1,False
917,6256d00b7d6ca6ad95bd579f,2022-01-15T23:00:00.000Z,DarÃ©#2446,Mount Manu#3530,for coming to the Community Call,0,0,0,0,False,True,False,True,Maxwe11#7157,lee0007#8152,shawn#7046,bear100#9085,0,0,False
919,6256d00b7d6ca6ad95bd57a1,2022-01-15T23:00:00.000Z,Juankbell#7458,Mount Manu#3530,for coming to the Community Call,0,1,1,0,False,False,False,True,hanners717#2022,missgene#7773,PhilH#1102,bear100#9085,0,1,False
926,6256d00b7d6ca6ad95bd57a8,2022-01-15T23:00:00.000Z,ALOYSIOUS#3049,Mount Manu#3530,"for being a kind and interesting person, shepherding newcomers and proposing new ideas",5,5,0,0,False,False,True,False,Zeptimus#3359,lee0007#8152,shawn#7046,innov8tor3#3988,3,5,False
928,6256d00b7d6ca6ad95bd57aa,2022-01-15T23:00:00.000Z,elessar.eth#7945,Mount Manu#3530,for deploying the Commons,0,0,0,0,False,True,True,False,Zeptimus#3359,lee0007#8152,shawn#7046,"griff (ğŸ’œ, ğŸ’œ)#8888",4,0,False
941,6256d00b7d6ca6ad95bd57b7,2022-01-15T23:00:00.000Z,karmaticacid#1218,Mount Manu#3530,for making the Goldilocks proposal,0,0,0,3,False,False,True,False,Zeptimus#3359,Mike Brunt#0745,shawn#7046,eduardovegap#0422,1,3,False
947,6256d00b7d6ca6ad95bd57bd,2022-01-15T23:00:00.000Z,Vyvy-vi#5040,Mount Manu#3530,"for their work in the Rewards System WG, specially those involved in the dashboardâ€™s development because itâ€™s looking great",0,55,0,0,False,False,False,True,Mettodo#7010,Tam2140#9361,divine_comedian#5493,bear100#9085,19,55,False
951,6256d00b7d6ca6ad95bd57c1,2022-01-15T23:00:00.000Z,elessar.eth#7945,Mount Manu#3530,for launching our Commons and crowning more than a yearâ€™s worth of work from hundreds of people,144,0,0,0,False,True,True,False,Zeptimus#3359,lee0007#8152,shawn#7046,"griff (ğŸ’œ, ğŸ’œ)#8888",48,144,False
952,6256d00b7d6ca6ad95bd57c2,2022-01-15T23:00:00.000Z,Nuggan#5183,Mount Manu#3530,for launching our Commons and crowning more than a yearâ€™s worth of work from hundreds of people,13,0,0,0,False,True,False,False,zhiwei#1356,lee0007#8152,PhilH#1102,"griff (ğŸ’œ, ğŸ’œ)#8888",5,13,False
972,6256d00b7d6ca6ad95bd57d6,2022-01-16T23:00:00.000Z,elessar.eth#7945,Mount Manu#3530,for all their hard work in deploying the Commons Upgrade,144,0,21,0,False,True,False,False,Zeptimus#3359,lee0007#8152,shawn#7046,"griff (ğŸ’œ, ğŸ’œ)#8888",55,144,False
973,6256d00b7d6ca6ad95bd57d7,2022-01-16T23:00:00.000Z,Nuggan#5183,Mount Manu#3530,for all their hard work in deploying the Commons Upgrade,0,0,0,0,False,True,False,False,zhiwei#1356,lee0007#8152,PhilH#1102,"griff (ğŸ’œ, ğŸ’œ)#8888",2,0,False
974,6256d00b7d6ca6ad95bd57d8,2022-01-16T23:00:00.000Z,bradleyc#3333,Mount Manu#3530,for all their hard work in deploying the Commons Upgrade,0,0,34,0,False,True,False,False,hanners717#2022,lee0007#8152,PhilH#1102,"griff (ğŸ’œ, ğŸ’œ)#8888",17,34,False
980,6256d00b7d6ca6ad95bd57de,2022-01-16T23:00:00.000Z,elessar.eth#7945,Mount Manu#3530,for their dedication to the Commons deployment,0,0,0,0,False,True,True,False,Zeptimus#3359,lee0007#8152,shawn#7046,"griff (ğŸ’œ, ğŸ’œ)#8888",4,0,False
992,6256d00b7d6ca6ad95bd57ea,2022-01-16T23:00:00.000Z,Vyvy-vi#5040,Mount Manu#3530,for all the continuous work around Discord bots,0,8,0,0,False,False,False,True,Mettodo#7010,Tam2140#9361,divine_comedian#5493,bear100#9085,5,8,False
994,6256d00b7d6ca6ad95bd57ec,2022-01-16T23:00:00.000Z,chuygarcia.eth#6692,Mount Manu#3530,for ,0,0,0,0,False,True,True,False,hanners717#2022,Mike Brunt#0745,Usuaâ— Silver#2618,innov8tor3#3988,0,0,False
998,6256d00b7d6ca6ad95bd57f0,2022-01-16T23:00:00.000Z,liviade#1387,Mount Manu#3530,for feeling up our community like itâ€™s braille,0,5,0,1,False,False,True,False,Mettodo#7010,AmwFund#0979,divine_comedian#5493,boonjue.eth#7124,2,5,False
1008,6256d00b7d6ca6ad95bd57fa,2022-01-16T23:00:00.000Z,iviangita#3204,Mount Manu#3530,for ,0,1,0,0,False,False,True,True,Mettodo#7010,bends#3537,Usuaâ— Silver#2618,eduardovegap#0422,0,1,False
1013,6256d00b7d6ca6ad95bd57ff,2022-01-16T23:00:00.000Z,karmaticacid#1218,Mount Manu#3530,for advocating for final proposals,34,8,0,3,False,False,True,False,Zeptimus#3359,Mike Brunt#0745,shawn#7046,eduardovegap#0422,11,34,False
1032,6256d00b7d6ca6ad95bd5812,2022-01-16T23:00:00.000Z,bradleyc#3333,Mount Manu#3530,for the work they did to deploy the Commons Upgrade,0,0,0,0,False,True,False,False,hanners717#2022,lee0007#8152,PhilH#1102,"griff (ğŸ’œ, ğŸ’œ)#8888",1,0,False
1033,6256d00b7d6ca6ad95bd5813,2022-01-16T23:00:00.000Z,elessar.eth#7945,Mount Manu#3530,for the work they did to deploy the Commons Upgrade,0,0,0,0,False,True,True,False,Zeptimus#3359,lee0007#8152,shawn#7046,"griff (ğŸ’œ, ğŸ’œ)#8888",4,0,False
1036,6256d00b7d6ca6ad95bd5816,2022-01-16T23:00:00.000Z,Nuggan#5183,Mount Manu#3530,for the work they did to deploy the Commons Upgrade,0,0,0,0,False,True,False,False,zhiwei#1356,lee0007#8152,PhilH#1102,"griff (ğŸ’œ, ğŸ’œ)#8888",1,0,False
1042,6256d00b7d6ca6ad95bd581c,2022-01-16T23:00:00.000Z,Mount Manu#3530,Mount Manu#3530,for ,0,0,0,0,False,True,True,False,Mettodo#7010,AmwFund#0979,divine_comedian#5493,"griff (ğŸ’œ, ğŸ’œ)#8888",0,0,False
1046,6256d00b7d6ca6ad95bd5820,2022-01-16T23:00:00.000Z,Mount Manu#3530,Mount Manu#3530,for attending our Jan. 13th Community Call and Praise Ritual,0,0,1,0,False,True,False,False,Mettodo#7010,AmwFund#0979,divine_comedian#5493,"griff (ğŸ’œ, ğŸ’œ)#8888",0,1,False
1047,6256d00b7d6ca6ad95bd5821,2022-01-16T23:00:00.000Z,acidlazzer#5796,Mount Manu#3530,for attending our Jan. 13th Community Call and Praise Ritual,0,0,1,1,False,True,False,False,zhiwei#1356,AmwFund#0979,tigeroid#2951,boonjue.eth#7124,0,1,False
1050,6256d00b7d6ca6ad95bd5824,2022-01-16T23:00:00.000Z,liviade#1387,Mount Manu#3530,for attending our Jan. 13th Community Call and Praise Ritual,0,0,1,1,False,True,False,False,Mettodo#7010,AmwFund#0979,divine_comedian#5493,boonjue.eth#7124,0,1,False
1052,6256d00b7d6ca6ad95bd5826,2022-01-16T23:00:00.000Z,Zeptimus#3359,Mount Manu#3530,for attending our Jan. 13th Community Call and Praise Ritual,0,0,1,1,True,True,False,False,zhiwei#1356,AmwFund#0979,liviade#1387,Parrachia#0450,0,1,False
1054,6256d00b7d6ca6ad95bd5828,2022-01-16T23:00:00.000Z,Vyvy-vi#5040,Mount Manu#3530,for attending our Jan. 13th Community Call and Praise Ritual,0,1,1,0,False,False,False,True,Mettodo#7010,Tam2140#9361,divine_comedian#5493,bear100#9085,0,1,False
1060,6256d00b7d6ca6ad95bd582e,2022-01-16T23:00:00.000Z,mateodaza#3156,Mount Manu#3530,for attending our Jan. 13th Community Call and Praise Ritual,0,1,1,0,False,False,False,True,Mettodo#7010,missgene#7773,PhilH#1102,bear100#9085,0,1,False
1062,6256d00b7d6ca6ad95bd5830,2022-01-16T23:00:00.000Z,DarÃ©#2446,Mount Manu#3530,for attending our Jan. 13th Community Call and Praise Ritual,0,0,3,0,False,True,False,True,Maxwe11#7157,lee0007#8152,shawn#7046,bear100#9085,0,3,False
1063,6256d00b7d6ca6ad95bd5831,2022-01-16T23:00:00.000Z,r33pich33p#6906,Mount Manu#3530,for attending our Jan. 13th Community Call and Praise Ritual,1,5,0,0,False,False,True,False,Zeptimus#3359,Mike Brunt#0745,liviade#1387,innov8tor3#3988,2,5,False
1191,6256d00b7d6ca6ad95bd58b1,2022-01-20T23:00:00.000Z,DJBritStar#9267,freshelle#9882,for mentioning or retweeting TE Commons on the socials the past week! Thank you for helping us grow the Token Engineering Commons community and spreading the message! ğŸ™ğŸ¼,3,0,1,0,False,True,False,False,Mount Manu#3530,bends#3537,Usuaâ— Silver#2618,innov8tor3#3988,1,3,False
1195,6256d00b7d6ca6ad95bd58b5,2022-01-20T23:00:00.000Z,Rohekbenitez#8753,freshelle#9882,for mentioning or retweeting TE Commons on the socials the past week! Thank you for helping us grow the Token Engineering Commons community and spreading the message! ğŸ™ğŸ¼,0,0,1,0,False,True,False,False,Mettodo#7010,bends#3537,Usuaâ— Silver#2618,innov8tor3#3988,0,1,False
1196,6256d00b7d6ca6ad95bd58b6,2022-01-20T23:00:00.000Z,Lin#3884,freshelle#9882,for mentioning or retweeting TE Commons on the socials the past week! Thank you for helping us grow the Token Engineering Commons community and spreading the message! ğŸ™ğŸ¼,1,0,1,0,False,True,False,False,Zeptimus#3359,bends#3537,Usuaâ— Silver#2618,"griff (ğŸ’œ, ğŸ’œ)#8888",0,1,False
1199,6256d00b7d6ca6ad95bd58b9,2022-01-20T23:00:00.000Z,thiago.rossi#1714,freshelle#9882,for mentioning or retweeting TE Commons on the socials the past week! Thank you for helping us grow the Token Engineering Commons community and spreading the message! ğŸ™ğŸ¼,1,0,1,0,False,True,False,False,Maxwe11#7157,bends#3537,Usuaâ— Silver#2618,"griff (ğŸ’œ, ğŸ’œ)#8888",0,1,False
1201,6256d00b7d6ca6ad95bd58bb,2022-01-20T23:00:00.000Z,Mert Ozd#6679,freshelle#9882,for mentioning or retweeting TE Commons on the socials the past week! Thank you for helping us grow the Token Engineering Commons community and spreading the message! ğŸ™ğŸ¼,1,1,0,0,False,False,True,False,Zeptimus#3359,lee0007#8152,PhilH#1102,innov8tor3#3988,0,1,False
1202,6256d00b7d6ca6ad95bd58bc,2022-01-20T23:00:00.000Z,gerlindgrosse#5619,freshelle#9882,for mentioning or retweeting TE Commons on the socials the past week! Thank you for helping us grow the Token Engineering Commons community and spreading the message! ğŸ™ğŸ¼,1,1,0,0,False,False,True,False,Maxwe11#7157,lee0007#8152,PhilH#1102,"griff (ğŸ’œ, ğŸ’œ)#8888",0,1,False
1203,6256d00b7d6ca6ad95bd58bd,2022-01-20T23:00:00.000Z,Mount Manu#3530,freshelle#9882,for engaging in discussion on the TE Commons Forum (https://forum.tecommons.org) the past week. Thank you for helping our Token Engineering Commons community share and learn! ğŸ’ªğŸ™,0,1,0,0,False,False,True,False,Mettodo#7010,AmwFund#0979,divine_comedian#5493,"griff (ğŸ’œ, ğŸ’œ)#8888",0,1,False
1204,6256d00b7d6ca6ad95bd58be,2022-01-20T23:00:00.000Z,acidlazzer#5796,freshelle#9882,for engaging in discussion on the TE Commons Forum (https://forum.tecommons.org) the past week. Thank you for helping our Token Engineering Commons community share and learn! ğŸ’ªğŸ™,0,1,5,1,True,False,False,False,zhiwei#1356,AmwFund#0979,tigeroid#2951,boonjue.eth#7124,1,5,False
1205,6256d00b7d6ca6ad95bd58bf,2022-01-20T23:00:00.000Z,akrtws (TE Academy)#4246,freshelle#9882,for engaging in discussion on the TE Commons Forum (https://forum.tecommons.org) the past week. Thank you for helping our Token Engineering Commons community share and learn! ğŸ’ªğŸ™,0,0,0,0,False,True,True,False,hanners717#2022,bends#3537,Usuaâ— Silver#2618,innov8tor3#3988,0,0,False
1206,6256d00b7d6ca6ad95bd58c0,2022-01-20T23:00:00.000Z,"griff (ğŸ’œ, ğŸ’œ)#8888",freshelle#9882,for engaging in discussion on the TE Commons Forum (https://forum.tecommons.org) the past week. Thank you for helping our Token Engineering Commons community share and learn! ğŸ’ªğŸ™,5,0,5,0,False,True,False,True,Mount Manu#3530,bends#3537,tigeroid#2951,eduardovegap#0422,2,5,False
1208,6256d00b7d6ca6ad95bd58c2,2022-01-20T23:00:00.000Z,anna-marie#8824,freshelle#9882,for engaging in discussion on the TE Commons Forum (https://forum.tecommons.org) the past week. Thank you for helping our Token Engineering Commons community share and learn! ğŸ’ªğŸ™,1,0,3,0,False,True,False,False,Maxwe11#7157,bends#3537,tigeroid#2951,innov8tor3#3988,1,3,False
1209,6256d00b7d6ca6ad95bd58c3,2022-01-20T23:00:00.000Z,sem  ğŸ#0161,freshelle#9882,for engaging in discussion on the TE Commons Forum (https://forum.tecommons.org) the past week. Thank you for helping our Token Engineering Commons community share and learn! ğŸ’ªğŸ™,1,0,5,0,False,True,False,False,Zeptimus#3359,bends#3537,tigeroid#2951,innov8tor3#3988,2,5,False
1210,6256d00b7d6ca6ad95bd58c4,2022-01-20T23:00:00.000Z,liviade#1387,freshelle#9882,for engaging in discussion on the TE Commons Forum (https://forum.tecommons.org) the past week. Thank you for helping our Token Engineering Commons community share and learn! ğŸ’ªğŸ™,0,1,0,1,False,False,True,False,Mettodo#7010,AmwFund#0979,divine_comedian#5493,boonjue.eth#7124,0,1,False
1211,6256d00b7d6ca6ad95bd58c5,2022-01-20T23:00:00.000Z,Zeptimus#3359,freshelle#9882,for engaging in discussion on the TE Commons Forum (https://forum.tecommons.org) the past week. Thank you for helping our Token Engineering Commons community share and learn! ğŸ’ªğŸ™,0,1,1,1,True,False,False,False,zhiwei#1356,AmwFund#0979,liviade#1387,Parrachia#0450,0,1,False
1212,6256d00b7d6ca6ad95bd58c6,2022-01-20T23:00:00.000Z,Tam2140#9361,freshelle#9882,for engaging in discussion on the TE Commons Forum (https://forum.tecommons.org) the past week. Thank you for helping our Token Engineering Commons community share and learn! ğŸ’ªğŸ™,3,3,0,1,False,False,True,False,Mount Manu#3530,missgene#7773,divine_comedian#5493,boonjue.eth#7124,1,3,False
1217,6256d00b7d6ca6ad95bd58cb,2022-01-20T23:00:00.000Z,elessar.eth#7945,Mount Manu#3530,for all their work getting the Commons Swarm sorted for the final launch,55,8,0,0,False,False,True,False,Zeptimus#3359,lee0007#8152,shawn#7046,"griff (ğŸ’œ, ğŸ’œ)#8888",21,55,False
1222,6256d00b7d6ca6ad95bd58d0,2022-01-20T23:00:00.000Z,elessar.eth#7945,Mount Manu#3530,for doing the extra testing needed to safeguard the launch of our Commons,144,8,0,0,False,False,True,False,Zeptimus#3359,lee0007#8152,shawn#7046,"griff (ğŸ’œ, ğŸ’œ)#8888",50,144,False
1225,6256d00b7d6ca6ad95bd58d3,2022-01-20T23:00:00.000Z,kristofer#1475,Mount Manu#3530,for this week's Praise Dashboard Trial Quant event,0,3,0,21,False,False,True,False,hanners717#2022,lee0007#8152,shawn#7046,Parrachia#0450,8,21,False
1232,6256d00b7d6ca6ad95bd58da,2022-01-20T23:00:00.000Z,Juankbell#7458,Mount Manu#3530,for representing the TEC in the TEA x TEC virtual conference,0,0,0,0,False,False,False,True,hanners717#2022,missgene#7773,PhilH#1102,bear100#9085,0,0,False
1249,6256d00b7d6ca6ad95bd58eb,2022-01-20T23:00:00.000Z,kristofer#1475,Mount Manu#3530,for the latest Praise Quant: you guys did an awesome job,0,0,8,8,False,True,False,False,hanners717#2022,lee0007#8152,shawn#7046,Parrachia#0450,5,8,False
1251,6256d00b7d6ca6ad95bd58ed,2022-01-20T23:00:00.000Z,Juankbell#7458,Mount Manu#3530,for the presentation he gave for the TEA x TEC event,0,0,0,0,False,False,False,True,hanners717#2022,missgene#7773,PhilH#1102,bear100#9085,0,0,False
1263,6256d00b7d6ca6ad95bd58f9,2022-01-20T23:00:00.000Z,natesuits#4789,Mount Manu#3530,for leading our community forward as Stewards,8,8,0,0,False,False,False,True,Mount Manu#3530,Tam2140#9361,PhilH#1102,bear100#9085,4,8,False
1272,6256d00b7d6ca6ad95bd5902,2022-01-20T23:00:00.000Z,sem  ğŸ#0161,Mount Manu#3530,for ,0,0,0,0,True,True,True,False,Zeptimus#3359,bends#3537,tigeroid#2951,innov8tor3#3988,0,0,False
1273,6256d00b7d6ca6ad95bd5903,2022-01-20T23:00:00.000Z,elessar.eth#7945,Mount Manu#3530,for ,0,0,0,0,True,True,True,False,Zeptimus#3359,lee0007#8152,shawn#7046,"griff (ğŸ’œ, ğŸ’œ)#8888",0,0,False
1274,6256d00b7d6ca6ad95bd5904,2022-01-20T23:00:00.000Z,"griff (ğŸ’œ, ğŸ’œ)#8888",Mount Manu#3530,for ,0,1,0,0,True,False,True,True,Mount Manu#3530,bends#3537,tigeroid#2951,eduardovegap#0422,0,1,False
1275,6256d00b7d6ca6ad95bd5905,2022-01-20T23:00:00.000Z,Nuggan#5183,Mount Manu#3530,for ,0,0,0,0,True,True,True,False,zhiwei#1356,lee0007#8152,PhilH#1102,"griff (ğŸ’œ, ğŸ’œ)#8888",0,0,False
1276,6256d00b7d6ca6ad95bd5906,2022-01-20T23:00:00.000Z,VitorNunes#0090,Mount Manu#3530,for ,0,0,0,0,False,True,True,False,hanners717#2022,bends#3537,liviade#1387,innov8tor3#3988,0,0,False
1277,6256d00b7d6ca6ad95bd5907,2022-01-20T23:00:00.000Z,bradleyc#3333,Mount Manu#3530,for ,0,0,0,0,False,True,True,False,hanners717#2022,lee0007#8152,PhilH#1102,"griff (ğŸ’œ, ğŸ’œ)#8888",0,0,False
1287,6256d00b7d6ca6ad95bd5911,2022-01-20T23:00:00.000Z,kristofer#1475,Mount Manu#3530,for their work around the Rewards System and its WG,0,8,0,0,False,False,True,False,hanners717#2022,lee0007#8152,shawn#7046,Parrachia#0450,5,8,False
1288,6256d00b7d6ca6ad95bd5912,2022-01-20T23:00:00.000Z,divine_comedian#5493,Mount Manu#3530,for their work around the Rewards System and its WG,0,8,0,0,False,False,False,True,zhiwei#1356,Tam2140#9361,liviade#1387,bear100#9085,2,8,False
1290,6256d00b7d6ca6ad95bd5914,2022-01-20T23:00:00.000Z,Juankbell#7458,Mount Manu#3530,for teaching people the Intro to TE course,0,5,21,0,False,False,False,True,hanners717#2022,missgene#7773,PhilH#1102,bear100#9085,8,21,False
1297,6256d00b7d6ca6ad95bd591b,2022-01-20T23:00:00.000Z,Juankbell#7458,Mount Manu#3530,for the amazing TEA x TEC presentation he hosted,0,0,0,0,False,False,False,True,hanners717#2022,missgene#7773,PhilH#1102,bear100#9085,0,0,False
1323,6256d00b7d6ca6ad95bd5935,2022-01-20T23:00:00.000Z,Leen#8610,Mount Manu#3530,for joining our Orientation call this week,0,1,0,1,False,False,True,False,Maxwe11#7157,lee0007#8152,shawn#7046,Parrachia#0450,0,1,False
1324,6256d00b7d6ca6ad95bd5936,2022-01-20T23:00:00.000Z,MarioRozo#3294,Mount Manu#3530,for joining our Orientation call this week,5,0,0,1,False,True,True,False,Mount Manu#3530,lee0007#8152,shawn#7046,eduardovegap#0422,1,5,False
1325,6256d00b7d6ca6ad95bd5937,2022-01-20T23:00:00.000Z,Mount Manu#3530,Mount Manu#3530,for joining our Orientation call this week,0,0,1,0,False,True,False,False,Mettodo#7010,AmwFund#0979,divine_comedian#5493,"griff (ğŸ’œ, ğŸ’œ)#8888",0,1,False
1326,6256d00b7d6ca6ad95bd5938,2022-01-20T23:00:00.000Z,tokenosopher#7900,Mount Manu#3530,for joining our Orientation call this week,0,0,0,1,False,True,False,False,Zeptimus#3359,AmwFund#0979,shawn#7046,eduardovegap#0422,0,1,False
1327,6256d00b7d6ca6ad95bd5939,2022-01-20T23:00:00.000Z,natesuits#4789,Mount Manu#3530,for joining our Orientation call this week,5,1,1,0,False,False,False,True,Mount Manu#3530,Tam2140#9361,PhilH#1102,bear100#9085,1,5,False
1330,6256d00b7d6ca6ad95bd593c,2022-01-20T23:00:00.000Z,theoverarch#2871,Mount Manu#3530,for joining our Orientation call this week,0,0,0,0,False,False,False,True,Zeptimus#3359,Mike Brunt#0745,tigeroid#2951,bear100#9085,0,0,False
1351,6256d00b7d6ca6ad95bd5951,2022-01-20T23:00:00.000Z,kristofer#1475,Mount Manu#3530,for the contributions to the Rewards System and for this first Praise Quant,0,0,0,0,False,True,True,False,hanners717#2022,lee0007#8152,shawn#7046,Parrachia#0450,2,0,False
1352,6256d00b7d6ca6ad95bd5952,2022-01-20T23:00:00.000Z,Vyvy-vi#5040,Mount Manu#3530,for the contributions to the Rewards System and for this first Praise Quant,0,5,21,0,False,False,False,True,Mettodo#7010,Tam2140#9361,divine_comedian#5493,bear100#9085,8,21,False
1353,6256d00b7d6ca6ad95bd5953,2022-01-20T23:00:00.000Z,divine_comedian#5493,Mount Manu#3530,for the contributions to the Rewards System and for this first Praise Quant,5,144,0,0,False,False,False,True,zhiwei#1356,Tam2140#9361,liviade#1387,bear100#9085,37,144,False
1363,6256d00b7d6ca6ad95bd595d,2022-01-20T23:00:00.000Z,Juankbell#7458,Mount Manu#3530,for making the TE Academy / TEC call happen and be a success,0,8,0,0,False,False,False,True,hanners717#2022,missgene#7773,PhilH#1102,bear100#9085,3,8,False
1386,6256d00b7d6ca6ad95bd5974,2022-01-21T23:00:00.000Z,elessar.eth#7945,Mount Manu#3530,for the Commons Upgrade,0,0,0,0,False,True,True,False,Zeptimus#3359,lee0007#8152,shawn#7046,"griff (ğŸ’œ, ğŸ’œ)#8888",4,0,False
1390,6256d00b7d6ca6ad95bd5978,2022-01-21T23:00:00.000Z,divine_comedian#5493,Mount Manu#3530,for their work in the Rewards System WG,0,13,0,0,False,False,False,True,zhiwei#1356,Tam2140#9361,liviade#1387,bear100#9085,3,13,False
1391,6256d00b7d6ca6ad95bd5979,2022-01-21T23:00:00.000Z,kristofer#1475,Mount Manu#3530,for their work in the Rewards System WG,0,0,0,0,False,False,True,False,hanners717#2022,lee0007#8152,shawn#7046,Parrachia#0450,2,0,False
1392,6256d00b7d6ca6ad95bd597a,2022-01-21T23:00:00.000Z,mateodaza#3156,Mount Manu#3530,for their work in the Rewards System WG,0,8,0,0,False,False,False,True,Mettodo#7010,missgene#7773,PhilH#1102,bear100#9085,3,8,False
1395,6256d00b7d6ca6ad95bd597d,2022-01-21T23:00:00.000Z,elessar.eth#7945,Mount Manu#3530,for the amazingly smooth launch of our Commons: we all have TEC tokens now and weâ€™ve got to thank you for that,0,13,0,0,False,False,True,False,Zeptimus#3359,lee0007#8152,shawn#7046,"griff (ğŸ’œ, ğŸ’œ)#8888",9,13,False
1401,6256d00b7d6ca6ad95bd5983,2022-01-21T23:00:00.000Z,divine_comedian#5493,Mount Manu#3530,for their work in Rewards,5,13,0,0,False,False,False,True,zhiwei#1356,Tam2140#9361,liviade#1387,bear100#9085,4,13,False
1402,6256d00b7d6ca6ad95bd5984,2022-01-21T23:00:00.000Z,kristofer#1475,Mount Manu#3530,for their work in Rewards,0,0,0,0,False,True,True,False,hanners717#2022,lee0007#8152,shawn#7046,Parrachia#0450,2,0,False
1417,6256d00b7d6ca6ad95bd5993,2022-01-21T23:00:00.000Z,Juankbell#7458,Mount Manu#3530,for the radical TEA x TEC call that you hosted,0,0,0,0,False,False,False,True,hanners717#2022,missgene#7773,PhilH#1102,bear100#9085,2,0,False
1420,6256d00b7d6ca6ad95bd5996,2022-01-21T23:00:00.000Z,elessar.eth#7945,Mount Manu#3530,"for the epic work around the Hatch, the ABC, EVM-Crispr, and the CU",144,13,0,0,False,False,True,False,Zeptimus#3359,lee0007#8152,shawn#7046,"griff (ğŸ’œ, ğŸ’œ)#8888",52,144,False
1426,6256d00b7d6ca6ad95bd599c,2022-01-21T23:00:00.000Z,elessar.eth#7945,Mount Manu#3530,for the hard work around the TEC token launch,89,13,0,0,False,False,True,False,Zeptimus#3359,lee0007#8152,shawn#7046,"griff (ğŸ’œ, ğŸ’œ)#8888",34,89,False
1432,6256d00b7d6ca6ad95bd59a2,2022-01-21T23:00:00.000Z,kristofer#1475,Mount Manu#3530,for the great results they had today with their Praise Trial Quant call,0,0,0,8,False,False,True,False,hanners717#2022,lee0007#8152,shawn#7046,Parrachia#0450,2,8,False
1434,6256d00b7d6ca6ad95bd59a4,2022-01-21T23:00:00.000Z,divine_comedian#5493,Mount Manu#3530,for the great results they had today with their Praise Trial Quant call,13,13,0,0,False,False,False,True,zhiwei#1356,Tam2140#9361,liviade#1387,bear100#9085,6,13,False
1460,6256d00b7d6ca6ad95bd59be,2022-01-21T23:00:00.000Z,MarioRozo#3294,Mount Manu#3530,for attending our last Community Call,5,0,1,1,False,True,False,False,Mount Manu#3530,lee0007#8152,shawn#7046,eduardovegap#0422,1,5,False
1494,6256d00b7d6ca6ad95bd59e0,2022-01-23T23:00:00.000Z,MarioRozo#3294,acidlazzer#5796,for attending the Animation TEAM call and make a cool brainstorm about the upcoming reward system video ğŸ¤– ğŸ“¹,5,0,0,1,False,True,True,False,Mount Manu#3530,lee0007#8152,shawn#7046,eduardovegap#0422,1,5,False
1496,6256d00b7d6ca6ad95bd59e2,2022-01-23T23:00:00.000Z,johnjonas#2307,acidlazzer#5796,for attending the Animation TEAM call and make a cool brainstorm about the upcoming reward system video ğŸ¤– ğŸ“¹,0,0,0,0,True,False,False,False,zhiwei#1356,Mike Brunt#0745,Usuaâ— Silver#2618,"griff (ğŸ’œ, ğŸ’œ)#8888",0,0,False
1497,6256d00b7d6ca6ad95bd59e3,2022-01-23T23:00:00.000Z,Mount Manu#3530,acidlazzer#5796,for attending the Animation TEAM call and make a cool brainstorm about the upcoming reward system video ğŸ¤– ğŸ“¹,0,0,0,0,False,True,True,False,Mettodo#7010,AmwFund#0979,divine_comedian#5493,"griff (ğŸ’œ, ğŸ’œ)#8888",0,0,False
1498,6256d00b7d6ca6ad95bd59e4,2022-01-23T23:00:00.000Z,alantv#0964,acidlazzer#5796,for attending the Animation TEAM call and make a cool brainstorm about the upcoming reward system video ğŸ¤– ğŸ“¹,5,0,0,0,False,False,False,True,Mount Manu#3530,bends#3537,tigeroid#2951,Parrachia#0450,1,5,False
1586,6256d00b7d6ca6ad95bd5a3c,2022-01-26T23:00:00.000Z,sem  ğŸ#0161,ygg_anderson#4998,for ,0,1,0,0,True,False,True,False,Zeptimus#3359,bends#3537,tigeroid#2951,innov8tor3#3988,0,1,False
1601,6256d00b7d6ca6ad95bd5a4b,2022-01-26T23:00:00.000Z,kristofer#1475,liviade#1387,"for the pace and calm he brings to the reward system wg, it feels very safe and optimal to collaborate with him",0,5,0,13,False,False,True,False,hanners717#2022,lee0007#8152,shawn#7046,Parrachia#0450,6,13,False
1645,6256d00b7d6ca6ad95bd5a77,2022-01-26T23:00:00.000Z,natesuits#4789,GideonRo#3175,for diving into the technical challenges of tamping down permissions and other security-related issues related to the community's various 3rd party tools and services.,5,89,0,0,False,False,False,True,Mount Manu#3530,Tam2140#9361,PhilH#1102,bear100#9085,23,89,False
1666,6256d00b7d6ca6ad95bd5a8c,2022-01-27T23:00:00.000Z,Nuggan#5183,freshelle#9882,for mentioning or retweeting TE Commons on the socials the past week! Thank you for helping us grow the Token Engineering Commons community and spreading the message! ğŸ™ğŸ¼,3,1,0,0,False,False,True,False,zhiwei#1356,lee0007#8152,PhilH#1102,"griff (ğŸ’œ, ğŸ’œ)#8888",1,3,False
1669,6256d00b7d6ca6ad95bd5a8f,2022-01-27T23:00:00.000Z,bradleyc#3333,freshelle#9882,for mentioning or retweeting TE Commons on the socials the past week! Thank you for helping us grow the Token Engineering Commons community and spreading the message! ğŸ™ğŸ¼,0,1,0,0,False,False,True,False,hanners717#2022,lee0007#8152,PhilH#1102,"griff (ğŸ’œ, ğŸ’œ)#8888",0,1,False
1674,6256d00b7d6ca6ad95bd5a94,2022-01-27T23:00:00.000Z,acidlazzer#5796,freshelle#9882,for mentioning or retweeting TE Commons on the socials the past week! Thank you for helping us grow the Token Engineering Commons community and spreading the message! ğŸ™ğŸ¼,3,1,5,0,False,False,False,True,zhiwei#1356,AmwFund#0979,tigeroid#2951,boonjue.eth#7124,2,5,False
1675,6256d00b7d6ca6ad95bd5a95,2022-01-27T23:00:00.000Z,anna-marie#8824,freshelle#9882,for mentioning or retweeting TE Commons on the socials the past week! Thank you for helping us grow the Token Engineering Commons community and spreading the message! ğŸ™ğŸ¼,1,0,5,0,False,True,False,False,Maxwe11#7157,bends#3537,tigeroid#2951,innov8tor3#3988,2,5,False
1677,6256d00b7d6ca6ad95bd5a97,2022-01-27T23:00:00.000Z,JohnPaller | Opolis#2670,freshelle#9882,for mentioning or retweeting TE Commons on the socials the past week! Thank you for helping us grow the Token Engineering Commons community and spreading the message! ğŸ™ğŸ¼,1,21,1,0,False,False,False,True,Maxwe11#7157,Mike Brunt#0745,shawn#7046,bear100#9085,5,21,False
1678,6256d00b7d6ca6ad95bd5a98,2022-01-27T23:00:00.000Z,Parrachia#0450,freshelle#9882,for mentioning or retweeting TE Commons on the socials the past week! Thank you for helping us grow the Token Engineering Commons community and spreading the message! ğŸ™ğŸ¼,1,21,0,0,False,False,True,False,Maxwe11#7157,Mike Brunt#0745,PhilH#1102,"griff (ğŸ’œ, ğŸ’œ)#8888",7,21,False
1679,6256d00b7d6ca6ad95bd5a99,2022-01-27T23:00:00.000Z,Rohekbenitez#8753,freshelle#9882,for mentioning or retweeting TE Commons on the socials the past week! Thank you for helping us grow the Token Engineering Commons community and spreading the message! ğŸ™ğŸ¼,0,0,1,0,False,True,False,False,Mettodo#7010,bends#3537,Usuaâ— Silver#2618,innov8tor3#3988,0,1,False
1682,6256d00b7d6ca6ad95bd5a9c,2022-01-27T23:00:00.000Z,Yineisy Mota#1449,freshelle#9882,for mentioning or retweeting TE Commons on the socials the past week! Thank you for helping us grow the Token Engineering Commons community and spreading the message! ğŸ™ğŸ¼,1,1,0,0,False,False,True,False,Maxwe11#7157,lee0007#8152,PhilH#1102,"griff (ğŸ’œ, ğŸ’œ)#8888",0,1,False
1685,6256d00b7d6ca6ad95bd5a9f,2022-01-27T23:00:00.000Z,thiago.rossi#1714,freshelle#9882,for mentioning or retweeting TE Commons on the socials the past week! Thank you for helping us grow the Token Engineering Commons community and spreading the message! ğŸ™ğŸ¼,1,0,1,0,False,True,False,False,Maxwe11#7157,bends#3537,Usuaâ— Silver#2618,"griff (ğŸ’œ, ğŸ’œ)#8888",0,1,False
1686,6256d00b7d6ca6ad95bd5aa0,2022-01-27T23:00:00.000Z,shawn#7046,freshelle#9882,for mentioning or retweeting TE Commons on the socials the past week! Thank you for helping us grow the Token Engineering Commons community and spreading the message! ğŸ™ğŸ¼,0,0,1,0,False,True,False,False,hanners717#2022,bends#3537,Usuaâ— Silver#2618,innov8tor3#3988,0,1,False
1687,6256d00b7d6ca6ad95bd5aa1,2022-01-27T23:00:00.000Z,akrtws (TE Academy)#4246,freshelle#9882,for engaging in discussion on the TE Commons Forum (https://forum.tecommons.org) the past week. Thank you for helping our Token Engineering Commons community share and learn! ğŸ’ªğŸ™,0,0,0,0,False,True,True,False,hanners717#2022,bends#3537,Usuaâ— Silver#2618,innov8tor3#3988,0,0,False
1688,6256d00b7d6ca6ad95bd5aa2,2022-01-27T23:00:00.000Z,Zeptimus#3359,freshelle#9882,for engaging in discussion on the TE Commons Forum (https://forum.tecommons.org) the past week. Thank you for helping our Token Engineering Commons community share and learn! ğŸ’ªğŸ™,0,1,1,1,True,False,False,False,zhiwei#1356,AmwFund#0979,liviade#1387,Parrachia#0450,0,1,False
1689,6256d00b7d6ca6ad95bd5aa3,2022-01-27T23:00:00.000Z,Mount Manu#3530,freshelle#9882,for engaging in discussion on the TE Commons Forum (https://forum.tecommons.org) the past week. Thank you for helping our Token Engineering Commons community share and learn! ğŸ’ªğŸ™,0,1,0,0,False,False,True,False,Mettodo#7010,AmwFund#0979,divine_comedian#5493,"griff (ğŸ’œ, ğŸ’œ)#8888",0,1,False
1690,6256d00b7d6ca6ad95bd5aa4,2022-01-27T23:00:00.000Z,gabi#4807,freshelle#9882,for engaging in discussion on the TE Commons Forum (https://forum.tecommons.org) the past week. Thank you for helping our Token Engineering Commons community share and learn! ğŸ’ªğŸ™,1,1,0,0,False,False,True,False,Maxwe11#7157,Tam2140#9361,shawn#7046,"griff (ğŸ’œ, ğŸ’œ)#8888",0,1,False
1691,6256d00b7d6ca6ad95bd5aa5,2022-01-27T23:00:00.000Z,DecentralizeSDGs#7544,freshelle#9882,for engaging in discussion on the TE Commons Forum (https://forum.tecommons.org) the past week. Thank you for helping our Token Engineering Commons community share and learn! ğŸ’ªğŸ™,1,34,0,0,False,False,True,False,Zeptimus#3359,Mike Brunt#0745,Usuaâ— Silver#2618,"griff (ğŸ’œ, ğŸ’œ)#8888",11,34,False
1692,6256d00b7d6ca6ad95bd5aa6,2022-01-27T23:00:00.000Z,"griff (ğŸ’œ, ğŸ’œ)#8888",freshelle#9882,for engaging in discussion on the TE Commons Forum (https://forum.tecommons.org) the past week. Thank you for helping our Token Engineering Commons community share and learn! ğŸ’ªğŸ™,5,0,5,0,False,True,False,True,Mount Manu#3530,bends#3537,tigeroid#2951,eduardovegap#0422,2,5,False
1693,6256d00b7d6ca6ad95bd5aa7,2022-01-27T23:00:00.000Z,chuygarcia.eth#6692,freshelle#9882,for engaging in discussion on the TE Commons Forum (https://forum.tecommons.org) the past week. Thank you for helping our Token Engineering Commons community share and learn! ğŸ’ªğŸ™,0,21,0,0,False,False,True,False,hanners717#2022,Mike Brunt#0745,Usuaâ— Silver#2618,innov8tor3#3988,10,21,False
1694,6256d00b7d6ca6ad95bd5aa8,2022-01-27T23:00:00.000Z,AnaTech#7412,freshelle#9882,for engaging in discussion on the TE Commons Forum (https://forum.tecommons.org) the past week. Thank you for helping our Token Engineering Commons community share and learn! ğŸ’ªğŸ™,0,1,0,0,False,False,True,False,Mettodo#7010,Tam2140#9361,PhilH#1102,"griff (ğŸ’œ, ğŸ’œ)#8888",0,1,False
1695,6256d00b7d6ca6ad95bd5aa9,2022-01-27T23:00:00.000Z,thiago.rossi#1714,freshelle#9882,for engaging in discussion on the TE Commons Forum (https://forum.tecommons.org) the past week. Thank you for helping our Token Engineering Commons community share and learn! ğŸ’ªğŸ™,1,0,0,0,False,True,True,False,Maxwe11#7157,bends#3537,Usuaâ— Silver#2618,"griff (ğŸ’œ, ğŸ’œ)#8888",0,1,False
1696,6256d00b7d6ca6ad95bd5aaa,2022-01-27T23:00:00.000Z,solsista#5370,freshelle#9882,for engaging in discussion on the TE Commons Forum (https://forum.tecommons.org) the past week. Thank you for helping our Token Engineering Commons community share and learn! ğŸ’ªğŸ™,0,1,0,1,False,False,True,False,Mettodo#7010,Tam2140#9361,Usuaâ— Silver#2618,Parrachia#0450,0,1,False
1697,6256d00b7d6ca6ad95bd5aab,2022-01-27T23:00:00.000Z,karmaticacid#1218,freshelle#9882,for engaging in discussion on the TE Commons Forum (https://forum.tecommons.org) the past week. Thank you for helping our Token Engineering Commons community share and learn! ğŸ’ªğŸ™,3,21,0,0,False,False,True,True,Zeptimus#3359,Mike Brunt#0745,shawn#7046,eduardovegap#0422,6,21,False
1698,6256d00b7d6ca6ad95bd5aac,2022-01-27T23:00:00.000Z,cleanapp#0739,freshelle#9882,for engaging in discussion on the TE Commons Forum (https://forum.tecommons.org) the past week. Thank you for helping our Token Engineering Commons community share and learn! ğŸ’ªğŸ™,1,0,5,0,False,True,False,False,Maxwe11#7157,bends#3537,tigeroid#2951,"griff (ğŸ’œ, ğŸ’œ)#8888",2,5,False
1699,6256d00b7d6ca6ad95bd5aad,2022-01-27T23:00:00.000Z,Letty#5399,freshelle#9882,for engaging in discussion on the TE Commons Forum (https://forum.tecommons.org) the past week. Thank you for helping our Token Engineering Commons community share and learn! ğŸ’ªğŸ™,1,1,5,0,False,False,False,True,Maxwe11#7157,Tam2140#9361,tigeroid#2951,bear100#9085,1,5,False
1700,6256d00b7d6ca6ad95bd5aae,2022-01-27T23:00:00.000Z,Tam2140#9361,freshelle#9882,for engaging in discussion on the TE Commons Forum (https://forum.tecommons.org) the past week. Thank you for helping our Token Engineering Commons community share and learn! ğŸ’ªğŸ™,3,3,0,1,False,False,True,False,Mount Manu#3530,missgene#7773,divine_comedian#5493,boonjue.eth#7124,1,3,False
1701,6256d00b7d6ca6ad95bd5aaf,2022-01-27T23:00:00.000Z,sem  ğŸ#0161,freshelle#9882,for engaging in discussion on the TE Commons Forum (https://forum.tecommons.org) the past week. Thank you for helping our Token Engineering Commons community share and learn! ğŸ’ªğŸ™,21,0,5,0,False,True,False,False,Zeptimus#3359,bends#3537,tigeroid#2951,innov8tor3#3988,8,21,False
1704,6256d00b7d6ca6ad95bd5ab2,2022-01-27T23:00:00.000Z,liviade#1387,freshelle#9882,for engaging in discussion on the TE Commons Forum (https://forum.tecommons.org) the past week. Thank you for helping our Token Engineering Commons community share and learn! ğŸ’ªğŸ™,0,1,0,1,False,False,True,False,Mettodo#7010,AmwFund#0979,divine_comedian#5493,boonjue.eth#7124,0,1,False
1705,6256d00b7d6ca6ad95bd5ab3,2022-01-27T23:00:00.000Z,Mert Ozd#6679,freshelle#9882,for engaging in discussion on the TE Commons Forum (https://forum.tecommons.org) the past week. Thank you for helping our Token Engineering Commons community share and learn! ğŸ’ªğŸ™,1,1,0,0,False,False,True,False,Zeptimus#3359,lee0007#8152,PhilH#1102,innov8tor3#3988,0,1,False
